Filename,Serial Number
e_ticket_1.pdf,776909536255147
e_ticket_10.pdf,606516097909727
e_ticket_11.pdf,705182647362191
e_ticket_12.pdf,360308824226652
e_ticket_13.pdf,747902170720822
e_ticket_14.pdf,591551454680675
e_ticket_15.pdf,575244454871969
e_ticket_16.pdf,011093326764048
e_ticket_17.pdf,983234003650262
e_ticket_18.pdf,363683212016135
e_ticket_19.pdf,956788087961763
e_ticket_2.pdf,753487438041039
e_ticket_20.pdf,476754584257046
e_ticket_21.pdf,569012549236931
e_ticket_22.pdf,674766194564426
e_ticket_23.pdf,720989805242739
e_ticket_24.pdf,874464906321289
e_ticket_25.pdf,563897686350474
e_ticket_26.pdf,648311403457885
e_ticket_27.pdf,352146560347483
e_ticket_28.pdf,667930790914198
e_ticket_29.pdf,731333079248777
e_ticket_3.pdf,273017650693095
e_ticket_30.pdf,516017536990012
e_ticket_31.pdf,556660376545035
e_ticket_32.pdf,067797755860123
e_ticket_33.pdf,549073733351898
e_ticket_34.pdf,202503087212612
e_ticket_35.pdf,952398907631566
e_ticket_36.pdf,858927869405008
e_ticket_37.pdf,333701092076937
e_ticket_38.pdf,173519326513562
e_ticket_39.pdf,245344999193690
e_ticket_4.pdf,968750223518629
e_ticket_40.pdf,015280464515194
e_ticket_41.pdf,216703172789247
e_ticket_42.pdf,940462823534073
e_ticket_43.pdf,798743213913541
e_ticket_44.pdf,162714639614374
e_ticket_45.pdf,227213356347874
e_ticket_46.pdf,170012065958076
e_ticket_47.pdf,591623797486869
e_ticket_48.pdf,418084068476698
e_ticket_49.pdf,950423897133253
e_ticket_5.pdf,165735615586099
e_ticket_50.pdf,293546061486357
e_ticket_6.pdf,831426853545007
e_ticket_7.pdf,763062420282349
e_ticket_8.pdf,997647566851554
e_ticket_9.pdf,374136440587037
